formula,abs_delta
ASY7,0.2596210340775558
ASY1,0.25959165687426555
ASY10,0.25959165687426555
ASY11,0.25959165687426555
ASY3,0.25959165687426555
ASY4,0.25959165687426555
ASY9,0.25959165687426555
ASY6,0.25944477085781437
ASY12,0.23419506462984724
ASY2,0.0657021151586369
ASY5,0.0657021151586369
ASY8,0.0657021151586369
